{
    "feature_names": [
        "hue_cos",
        "hue_sin",
        "s_median",
        "v_median",
        "white_ratio",
        "black_ratio",
        "colour_ratio"
    ],
    "feature_mean": [
        -0.11172749702165928,
        0.17413416354875663,
        114.56432038834951,
        158.09587378640776,
        0.09715599886705384,
        0.05375261614231737,
        0.8490913849906291
    ],
    "feature_std": [
        0.8581959935711307,
        0.46978068937847034,
        27.040873660526135,
        31.485663365053444,
        0.08218066826093039,
        0.09718354698388335,
        0.1161105131922326
    ],
    "rules": {
        "black_ratio_min_for_black": 0.22,
        "white_ratio_min_for_white": 0.16,
        "v_median_min_for_white": 170.0,
        "s_median_max_for_white": 110.0,
        "black_ratio_max_for_white": 0.03
    },
    "cool_classes": [
        "blue",
        "purple",
        "green"
    ],
    "warm_classes": [
        "yellow",
        "orange",
        "red",
        "maroon"
    ],
    "group_centroids": {
        "cool": [
            -0.8860425994123741,
            -0.6713402860548925,
            -0.4864820665057788,
            -0.8600027742922804,
            -0.09449093908336044,
            -0.3008244827183395,
            0.3186663959307044
        ],
        "warm": [
            0.7816669146772917,
            0.5229491147124923,
            0.678941705430565,
            0.653685507698453,
            0.05345487678496767,
            -0.3305836669582416,
            0.2388615386449037
        ]
    },
    "cool_centroids": {
        "blue": [
            -0.9430940325763474,
            -1.1771571156956022,
            -0.3093213811563947,
            -0.974563004105363,
            -0.05834471342658618,
            -0.3786265811760329,
            0.35820254804230284
        ],
        "purple": [
            -0.8771756287710026,
            -1.2454721517415523,
            -0.6024802793041582,
            -0.6400593099967464,
            -0.025535114329427514,
            -0.37233060468959533,
            0.32971089801936465
        ],
        "green": [
            -0.8416106038173051,
            0.3087323552521476,
            -0.5450189946199343,
            -0.9522946536272759,
            -0.1896059685471949,
            -0.16516399705851326,
            0.27244017272819426
        ]
    },
    "warm_centroids": {
        "yellow": [
            1.070790536057374,
            0.8756772538476482,
            0.8296950717388158,
            1.0177784787277557,
            0.052799857998838996,
            -0.3985504311314939,
            0.29621277168886195
        ],
        "orange": [
            1.1377530095368833,
            0.6304585812232931,
            0.8514728033417905,
            0.9532985529540358,
            0.17096091344777922,
            -0.34219191303148305,
            0.16540915388226005
        ],
        "red": [
            0.1761017872170658,
            0.03827629347308,
            0.8465777266730334,
            0.592809354606969,
            0.08613840335620496,
            -0.34939430697018853,
            0.2314731522381544
        ],
        "maroon": [
            0.7497633279600093,
            0.5497214926213992,
            0.19177189601016714,
            0.057368971575823983,
            -0.09352518860506523,
            -0.23245036987530582,
            0.26075428579723775
        ]
    }
}