{
    "feature_names": [
        "hue_cos",
        "hue_sin",
        "s_median",
        "v_median",
        "white_ratio",
        "black_ratio",
        "colour_ratio",
        "h_std",
        "v_p90",
        "v_std",
        "s_p90"
    ],
    "feature_mean": [
        -0.8535083564944496,
        -0.30997824200387636,
        154.89208633093526,
        167.62230215827338,
        0.08922126559726266,
        0.03492968343496688,
        0.8758490509677695,
        27.97687809711808,
        221.0484412470024,
        48.711764023226436,
        189.24004796163072
    ],
    "feature_std": [
        0.30086892066401166,
        0.2914015570596816,
        19.91096150900732,
        23.236107609888982,
        0.10225242501368599,
        0.07537006438852863,
        0.10773181744306791,
        17.03843759096011,
        14.874367687974221,
        7.935914495167849,
        23.87456133909879
    ],
    "chromatic_classes": [
        "yellow",
        "blue",
        "red",
        "purple",
        "orange",
        "green",
        "maroon"
    ],
    "chromatic_centroids": {
        "yellow": [
            1.0491999155115879,
            1.4888305626106926,
            -0.2609835870895262,
            0.9625892878457057,
            -0.029695176213267206,
            -0.34567666480200043,
            0.27002307167172573,
            0.606078243264269,
            0.977420726696906,
            0.1896659340409906,
            -0.22877015474713075
        ],
        "blue": [
            -0.13969525749789166,
            -0.45832937173124544,
            0.8346549827221618,
            -0.44591946151283546,
            -0.264757416051533,
            -0.3843042999287012,
            0.5201539247368181,
            -1.017793076721759,
            -0.4227118633666986,
            -0.5036235074704475,
            0.9628747762702244
        ],
        "red": [
            -0.17047860673263587,
            -0.3788401694509864,
            -0.17636775334721824,
            0.30908987806361277,
            -0.4006868562694626,
            -0.2874675373368022,
            0.5814220070728114,
            1.5127765813238019,
            0.06645763339143175,
            -0.08080968015604585,
            -0.16976611139882786
        ],
        "purple": [
            -0.09610903441615554,
            -0.5373566760403219,
            -0.11009444872582369,
            -0.6809359994330385,
            -0.037860636615233464,
            -0.4358510121840999,
            0.34085993933962294,
            -0.6916839439054195,
            -0.18313362017803742,
            -0.07297895861724847,
            -0.10499521196195484
        ],
        "orange": [
            0.3166796598421577,
            0.22933823484472454,
            0.029439790658265626,
            0.9911243372349026,
            -0.19240827485451287,
            -0.2833459110984016,
            0.3808532449753784,
            1.1382613361931002,
            0.7041171835425282,
            0.06647340992512811,
            0.1412798948940804
        ],
        "green": [
            -0.3363621216477437,
            0.09995407421126258,
            -0.024038256126264812,
            -0.8916491674194922,
            -0.11142794870137859,
            -0.3263798681283166,
            0.3340986024299563,
            -0.733330149930892,
            -0.5229943645981694,
            0.2634622612656104,
            -0.5034989762393559
        ],
        "maroon": [
            -0.17258398049319426,
            0.03701285609568505,
            -0.37889984572396784,
            -0.3102610299904253,
            -0.3201476312906854,
            -0.16559769768303198,
            0.41971797999897786,
            0.6926764077059763,
            -0.048563697337175825,
            0.21956737857905276,
            -0.2890489768097499
        ]
    },
    "rules": {
        "black_ratio_min_for_black": 0.22,
        "white_ratio_min_for_white": 0.16,
        "white_v_p90_min": 210.0,
        "white_s_median_max": 90.0,
        "white_black_ratio_max": 0.03
    },
    "knn": {
        "k": 7,
        "weighted_vote": true,
        "exclude_white_black_from_knn_vote": true
    }
}