{
    "feature_names": [
        "hue_cos",
        "hue_sin",
        "s_median",
        "v_median",
        "white_ratio",
        "black_ratio",
        "colour_ratio"
    ],
    "feature_mean": [
        -0.8535083564944496,
        -0.30997824200387636,
        154.89208633093526,
        167.62230215827338,
        0.08922126559726266,
        0.03492968343496688,
        0.8758490509677695,
        0.0,
        0.0,
        0.0,
        0.0
    ],
    "feature_std": [
        0.30086892066401166,
        0.2914015570596816,
        19.91096150900732,
        23.236107609888982,
        0.10225242501368599,
        0.07537006438852863,
        0.10773181744306791,
        1.0,
        1.0,
        1.0,
        1.0
    ],
    "chromatic_classes": [
        "yellow",
        "blue",
        "red",
        "purple",
        "orange",
        "green",
        "maroon"
    ],
    "chromatic_centroids": {
        "yellow": [
            1.0491999155115879,
            1.4888305626106926,
            -0.2609835870895262,
            0.9625892878457057,
            -0.029695176213267206,
            -0.34567666480200043,
            0.27002307167172573,
            0.0,
            0.0,
            0.0,
            0.0
        ],
        "blue": [
            -0.13969525749789166,
            -0.45832937173124544,
            0.8346549827221618,
            -0.44591946151283546,
            -0.264757416051533,
            -0.3843042999287012,
            0.5201539247368181,
            0.0,
            0.0,
            0.0,
            0.0
        ],
        "red": [
            -0.17047860673263587,
            -0.3788401694509864,
            -0.17636775334721824,
            0.30908987806361277,
            -0.4006868562694626,
            -0.2874675373368022,
            0.5814220070728114,
            0.0,
            0.0,
            0.0,
            0.0
        ],
        "purple": [
            -0.09610903441615554,
            -0.5373566760403219,
            -0.11009444872582369,
            -0.6809359994330385,
            -0.037860636615233464,
            -0.4358510121840999,
            0.34085993933962294,
            0.0,
            0.0,
            0.0,
            0.0
        ],
        "orange": [
            0.3166796598421577,
            0.22933823484472454,
            0.029439790658265626,
            0.9911243372349026,
            -0.19240827485451287,
            -0.2833459110984016,
            0.3808532449753784,
            0.0,
            0.0,
            0.0,
            0.0
        ],
        "green": [
            -0.3363621216477437,
            0.09995407421126258,
            -0.024038256126264812,
            -0.8916491674194922,
            -0.11142794870137859,
            -0.3263798681283166,
            0.3340986024299563,
            0.0,
            0.0,
            0.0,
            0.0
        ],
        "maroon": [
            -0.17258398049319426,
            0.03701285609568505,
            -0.37889984572396784,
            -0.3102610299904253,
            -0.3201476312906854,
            -0.16559769768303198,
            0.41971797999897786,
            0.0,
            0.0,
            0.0,
            0.0
        ]
    },
    "rules": {
        "black_ratio_min_for_black": 0.18,
        "white_ratio_min_for_white": 0.18,
        "v_median_min_for_white": 165.0
    }
}