{
    "feature_names": [
        "hue_cos",
        "hue_sin",
        "s_median",
        "v_median",
        "white_ratio",
        "black_ratio",
        "colour_ratio",
        "h_std",
        "v_p90",
        "v_std",
        "s_p90"
    ],
    "feature_mean": [
        -0.8535083564944496,
        -0.30997824200387636,
        154.89208633093526,
        167.62230215827338,
        0.08922126559726266,
        0.03492968343496688,
        0.8758490509677695,
        27.97687809711808,
        221.0484412470024,
        48.711764023226436,
        189.24004796163072
    ],
    "feature_std": [
        0.30086892066401166,
        0.2914015570596816,
        19.91096150900732,
        23.236107609888982,
        0.10225242501368599,
        0.07537006438852863,
        0.10773181744306791,
        17.03843759096011,
        14.874367687974221,
        7.935914495167849,
        23.87456133909879
    ],
    "chromatic_classes": [
        "yellow",
        "blue",
        "red",
        "purple",
        "orange",
        "green",
        "maroon"
    ],
    "rules": {
        "black_ratio_min_for_black": 0.22,
        "white_ratio_min_for_white": 0.2,
        "white_v_p90_min": 205.0,
        "white_s_median_max": 170.0,
        "white_black_ratio_max": 0.08
    },
    "knn": {
        "k": 7,
        "weighted_vote": true,
        "exclude_white_black_from_knn_vote": true
    }
}